RECTYPE,ALPHAIND,LEA,ESTAB,URN,SCHNAME,SCHNAME_AC,ADDRESS1,ADDRESS2,ADDRESS3,TOWN,PCODE,TELNUM,CONTFLAG,ICLOSE,NFTYPE,RELDENOM,ADMPOL,ADMPOL_2017,EGENDER,FEEDER,TABKS2,TAB1618,AGERANGE,CONFEXAM,TOTPUPS,NUMBOYS,NUMGIRLS,TPUP,BPUP,PBPUP,GPUP,PGPUP,KS2APS,TPRIORLO,PTPRIORLO,TPRIORAV,PTPRIORAV,TPRIORHI,PTPRIORHI,TFSM6CLA1A,PTFSM6CLA1A,TNOTFSM6CLA1A,PTNOTFSM6CLA1A,TEALGRP2,PTEALGRP2,TEALGRP1,PTEALGRP1,TEALGRP3,PTEALGRP3,TNMOB,PTNMOB,SENSE4,PSENSE4,SENAPK4,PSENAPK4,TOTATT8,ATT8SCR,TOTATT8ENG,ATT8SCRENG,TOTATT8MAT,ATT8SCRMAT,TOTATT8EBAC,ATT8SCREBAC,TOTATT8OPEN,ATT8SCROPEN,TOTATT8OPENG,ATT8SCROPENG,TOTATT8OPENNG,ATT8SCROPENNG,AVGEBACFILL,AVGOPENFILL,P8PUP,TP8ADJ,P8MEACOV,P8MEA,P8CILOW,P8CIUPP,P8MEA_ORIG,P8CILOW_ORIG,P8CIUPP_ORIG,P8MEAENG,P8MEAENG_CILOW,P8MEAENG_CIUPP,P8MEAMAT,P8MEAMAT_CILOW,P8MEAMAT_CIUPP,P8MEAEBAC,P8MEAEBAC_CILOW,P8MEAEBAC_CIUPP,P8MEAOPEN,P8MEAOPEN_CILOW,P8MEAOPEN_CIUPP,PTL2BASICS_94,PTL2BASICS_95,TOTEBACCAPS,EBACCAPS,EBACCAPS_FSM6CLA1A,EBACCAPS_NFSM6CLA1A,EBACCAPS_LO,EBACCAPS_AV,EBACCAPS_HI,EBACCAPS_EAL,EBACCAPS_GIRLS,EBACCAPS_BOYS,EBACCAPS_NMOB,TEBACC_E_PTQ_EE,PTEBACC_E_PTQ_EE,PTEBACC_94,PTEBACC_95,TEBACENG_E_PTQ_EE,PTEBACENG_E_PTQ_EE,TEBACMAT_E_PTQ_EE,PTEBACMAT_E_PTQ_EE,TEBAC2SCI_E_PTQ_EE,PTEBAC2SCI_E_PTQ_EE,TEBACHUM_E_PTQ_EE,PTEBACHUM_E_PTQ_EE,TEBACLAN_E_PTQ_EE,PTEBACLAN_E_PTQ_EE,PTEBACENG_94,PTEBACENG_95,PTEBACMAT_94,PTEBACMAT_95,PTEBAC2SCI_94,PTEBAC2SCI_95,PTEBACHUM_94,PTEBACHUM_95,PTEBACLAN_94,PTEBACLAN_95,SCIVACOV_PTQ_EE,HUMVACOV_PTQ_EE,LANVACOV_PTQ_EE,SCIVAMEA_PTQ_EE,SCIVALOW_PTQ_EE,SCIVAUPP_PTQ_EE,HUMVAMEA_PTQ_EE,HUMVALOW_PTQ_EE,HUMVAUPP_PTQ_EE,LANVAMEA_PTQ_EE,LANVALOW_PTQ_EE,LANVAUPP_PTQ_EE,TEBACENG_94,TEBACENG_95,TEBACMAT_94,TEBACMAT_95,TEBAC2SCI_94,TEBAC2SCI_95,TEBACHUM_94,TEBACHUM_95,TEBACLAN_94,TEBACLAN_95,TEBACC91,PTEBACC91,TEBACENG91,PTEBACENG91,TEBACMAT91,PTEBACMAT91,TEBAC2SCI91,PTEBAC2SCI91,TEBACHUM91,PTEBACHUM91,TEBACLAN91,PTEBACLAN91,ATT8SCR_FSM6CLA1A,P8PUP_FSM6CLA1A,TP8ADJ_FSM6CLA1A,P8MEA_FSM6CLA1A,P8CILOW_FSM6CLA1A,P8CIUPP_FSM6CLA1A,P8MEA_FSM6CLA1A_ORIG,P8CILOW_FSM6CLA1A_ORIG,P8CIUPP_FSM6CLA1A_ORIG,ATT8SCR_NFSM6CLA1A,P8PUP_NFSM6CLA1A,TP8ADJ_NFSM6CLA1A,P8MEA_NFSM6CLA1A,P8CILOW_NFSM6CLA1A,P8CIUPP_NFSM6CLA1A,P8MEA_NFSM6CLA1A_ORIG,P8CILOW_NFSM6CLA1A_ORIG,P8CIUPP_NFSM6CLA1A_ORIG,ATT8SCRENG_FSM6CLA1A,P8MEAENG_FSM6CLA1A,P8MEAENG_CILOW_FSM6CLA1A,P8MEAENG_CIUPP_FSM6CLA1A,ATT8SCRMAT_FSM6CLA1A,P8MEAMAT_FSM6CLA1A,P8MEAMAT_CILOW_FSM6CLA1A,P8MEAMAT_CIUPP_FSM6CLA1A,ATT8SCREBAC_FSM6CLA1A,P8MEAEBAC_FSM6CLA1A,P8MEAEBAC_CILOW_FSM6CLA1A,P8MEAEBAC_CIUPP_FSM6CLA1A,ATT8SCROPEN_FSM6CLA1A,P8MEAOPEN_FSM6CLA1A,P8MEAOPEN_CILOW_FSM6CLA1A,P8MEAOPEN_CIUPP_FSM6CLA1A,ATT8SCRENG_NFSM6CLA1A,P8MEAENG_NFSM6CLA1A,P8MEAENG_CILOW_NFSM6CLA1A,P8MEAENG_CIUPP_NFSM6CLA1A,ATT8SCRMAT_NFSM6CLA1A,P8MEAMAT_NFSM6CLA1A,P8MEAMAT_CILOW_NFSM6CLA1A,P8MEAMAT_CIUPP_NFSM6CLA1A,ATT8SCREBAC_NFSM6CLA1A,P8MEAEBAC_NFSM6CLA1A,P8MEAEBAC_CILOW_NFSM6CLA1A,P8MEAEBAC_CIUPP_NFSM6CLA1A,ATT8SCROPEN_NFSM6CLA1A,P8MEAOPEN_NFSM6CLA1A,P8MEAOPEN_CILOW_NFSM6CLA1A,P8MEAOPEN_CIUPP_NFSM6CLA1A,ATT8SCROPENG_FSM6CLA1A,ATT8SCROPENNG_FSM6CLA1A,ATT8SCROPENG_NFSM6CLA1A,ATT8SCROPENNG_NFSM6CLA1A,DIFFN_ATT8,DIFFN_P8MEA,ATT8SCR_LO,P8PUP_LO,TP8ADJ_LO,P8MEA_LO,P8CILOW_LO,P8CIUPP_LO,P8MEA_LO_ORIG,P8CILOW_LO_ORIG,P8CIUPP_LO_ORIG,ATT8SCR_AV,P8PUP_AV,TP8ADJ_AV,P8MEA_AV,P8CILOW_AV,P8CIUPP_AV,P8MEA_AV_ORIG,P8CILOW_AV_ORIG,P8CIUPP_AV_ORIG,ATT8SCR_HI,P8PUP_HI,TP8ADJ_HI,P8MEA_HI,P8CILOW_HI,P8CIUPP_HI,P8MEA_HI_ORIG,P8CILOW_HI_ORIG,P8CIUPP_HI_ORIG,ATT8SCR_EAL,ATT8SCRENG_EAL,ATT8SCRMAT_EAL,ATT8SCREBAC_EAL,ATT8SCROPEN_EAL,ATT8SCROPENG_EAL,ATT8SCROPENNG_EAL,P8PUP_EAL,TP8ADJ_EAL,P8MEA_EAL,P8CILOW_EAL,P8CIUPP_EAL,P8MEA_EAL_ORIG,P8CILOW_EAL_ORIG,P8CIUPP_EAL_ORIG,ATT8SCR_GIRLS,ATT8SCRENG_GIRLS,ATT8SCRMAT_GIRLS,ATT8SCREBAC_GIRLS,ATT8SCROPEN_GIRLS,ATT8SCROPENG_GIRLS,ATT8SCROPENNG_GIRLS,P8PUP_GIRLS,TP8ADJ_GIRLS,P8MEA_GIRLS,P8CILOW_GIRLS,P8CIUPP_GIRLS,P8MEA_GIRLS_ORIG,P8CILOW_GIRLS_ORIG,P8CIUPP_GIRLS_ORIG,ATT8SCR_BOYS,ATT8SCRENG_BOYS,ATT8SCRMAT_BOYS,ATT8SCREBAC_BOYS,ATT8SCROPEN_BOYS,ATT8SCROPENG_BOYS,ATT8SCROPENNG_BOYS,P8PUP_BOYS,TP8ADJ_BOYS,P8MEA_BOYS,P8CILOW_BOYS,P8CIUPP_BOYS,P8MEA_BOYS_ORIG,P8CILOW_BOYS_ORIG,P8CIUPP_BOYS_ORIG,ATT8SCR_NMOB,ATT8SCRENG_NMOB,ATT8SCRMAT_NMOB,ATT8SCREBAC_NMOB,ATT8SCROPEN_NMOB,ATT8SCROPENG_NMOB,ATT8SCROPENNG_NMOB,P8PUP_NMOB,TP8ADJ_NMOB,P8MEA_NMOB,P8CILOW_NMOB,P8CIUPP_NMOB,P8MEA_NMOB_ORIG,P8CILOW_NMOB_ORIG,P8CIUPP_NMOB_ORIG,ATT8SCR_16,P8PUP_16,P8MEA_16,P8CILOW_16,P8CIUPP_16,ATT8SCR_FSM6CLA1A_16,P8PUP_FSM6CLA1A_16,P8MEA_FSM6CLA1A_16,P8CILOW_FSM6CLA1A_16,P8CIUPP_FSM6CLA1A_16,ATT8SCR_NFSM6CLA1A_16,P8PUP_NFSM6CLA1A_16,P8MEA_NFSM6CLA1A_16,P8CILOW_NFSM6CLA1A_16,P8CIUPP_NFSM6CLA1A_16,ATT8SCR_17,P8PUP_17,P8MEA_17,P8CILOW_17,P8CIUPP_17,ATT8SCR_FSM6CLA1A_17,P8PUP_FSM6CLA1A_17,P8MEA_FSM6CLA1A_17,P8CILOW_FSM6CLA1A_17,P8CIUPP_FSM6CLA1A_17,ATT8SCR_NFSM6CLA1A_17,P8PUP_NFSM6CLA1A_17,P8MEA_NFSM6CLA1A_17,P8CILOW_NFSM6CLA1A_17,P8CIUPP_NFSM6CLA1A_17,TEBACC_ELO_PTQ_EE,PTEBACC_ELO_PTQ_EE,PTEBACCLO_94,PTEBACCLO_95,TEBACC_EAV_PTQ_EE,PTEBACC_EAV_PTQ_EE,PTEBACCAV_94,PTEBACCAV_95,TEBACC_EHI_PTQ_EE,PTEBACC_EHI_PTQ_EE,PTEBACCHI_94,PTEBACCHI_95,PTEBACC_EFSM6CLA1A_PTQ_EE,PTEBACC_ENFSM6CLA1A_PTQ_EE,PTEBACC_94_FSM6CLA1A,PTEBACC_95_FSM6CLA1A,PTEBACC_94_NFSM6CLA1A,PTEBACC_95_NFSM6CLA1A,SCIVAMEA_LO_PTQ_EE,SCIVAMEA_AV_PTQ_EE,SCIVAMEA_HI_PTQ_EE,SCIVAMEA_FSM6CLA1A_PTQ_EE,SCIVAMEA_NFSM6CLA1A_PTQ_EE,HUMVAMEA_LO_PTQ_EE,HUMVAMEA_AV_PTQ_EE,HUMVAMEA_HI_PTQ_EE,HUMVAMEA_FSM6CLA1A_PTQ_EE,HUMVAMEA_NFSM6CLA1A_PTQ_EE,LANVAMEA_LO_PTQ_EE,LANVAMEA_AV_PTQ_EE,LANVAMEA_HI_PTQ_EE,LANVAMEA_FSM6CLA1A_PTQ_EE,LANVAMEA_NFSM6CLA1A_PTQ_EE,SCIVAUPP_FSM6CLA1A_PTQ_EE,SCIVALOW_FSM6CLA1A_PTQ_EE,SCIVAUPP_NFSM6CLA1A_PTQ_EE,SCIVALOW_NFSM6CLA1A_PTQ_EE,SCIVAUPP_LO_PTQ_EE,SCIVALOW_LO_PTQ_EE,SCIVAUPP_AV_PTQ_EE,SCIVALOW_AV_PTQ_EE,SCIVAUPP_HI_PTQ_EE,SCIVALOW_HI_PTQ_EE,HUMVAUPP_FSM6CLA1A_PTQ_EE,HUMVALOW_FSM6CLA1A_PTQ_EE,HUMVAUPP_NFSM6CLA1A_PTQ_EE,HUMVALOW_NFSM6CLA1A_PTQ_EE,HUMVAUPP_LO_PTQ_EE,HUMVALOW_LO_PTQ_EE,HUMVAUPP_AV_PTQ_EE,HUMVALOW_AV_PTQ_EE,HUMVAUPP_HI_PTQ_EE,HUMVALOW_HI_PTQ_EE,LANVAUPP_FSM6CLA1A_PTQ_EE,LANVALOW_FSM6CLA1A_PTQ_EE,LANVAUPP_NFSM6CLA1A_PTQ_EE,LANVALOW_NFSM6CLA1A_PTQ_EE,LANVAUPP_LO_PTQ_EE,LANVALOW_LO_PTQ_EE,LANVAUPP_AV_PTQ_EE,LANVALOW_AV_PTQ_EE,LANVAUPP_HI_PTQ_EE,LANVALOW_HI_PTQ_EE,PTEBACC_E_16_PTQ_EE,PTEBACC_16_PTQ_EE,PTEBACC_E_17_PTQ_EE,PTEBACC_94_17,PTEBACC_95_17,PBEBACC_E_PTQ_EE,PBEBACC_94,PBEBACC_95,PGEBACC_E_PTQ_EE,PGEBACC_94,PGEBACC_95,PTEBACC_ENMOB_PTQ_EE,PTEBACCNMOB_94,PTEBACCNMOB_95,PTEBACC_EEAL_PTQ_EE,PTEBACCEAL_94,PTEBACCEAL_95,PTEBACC_EFSM6CLA1A_16_PTQ_EE,PTEBACC_FSM6CLA1A_16_PTQ_EE,PTEBACC_ENFSM6CLA1A_16_PTQ_EE,PTEBACC_NFSM6CLA1A_16_PTQ_EE,PTEBACC_EFSM6CLA1A_17_PTQ_EE,PTEBACC_94_FSM6CLA1A_17_PTQ_EE,PTEBACC_95_FSM6CLA1A_17_PTQ_EE,PTEBACC_ENFSM6CLA1A_17_PTQ_EE,PTEBACC_94_NFSM6CLA1A_17_PTQ_EE,PTEBACC_95_NFSM6CLA1A_17_PTQ_EE,PT5EM_94,AC5EM16_PTQ_EE,PT5EM_94_17,PT5EM_94_18,PTANYQ_PTQ_EE,PTL2BASICS_16_PTQ_EE,PTL2BASICS_94_17_PTQ_EE,PTL2BASICS_95_17_PTQ_EE,PTFSM6CLA1ABASICS_94,PTNOTFSM6CLA1ABASICS_94,TBASICSLO_94,PTBASICSLO_94,TBASICSAV_94,PTBASICSAV_94,TBASICSHI_94,PTBASICSHI_94,PBL2BASICS_94,PGL2BASICS_94,PTL2BASICSEAL_94,PTL2BASICSNMOB_94,PTFSM6CLA1ABASICS_95,PTNOTFSM6CLA1ABASICS_95,TBASICSLO_95,PTBASICSLO_95,TBASICSAV_95,PTBASICSAV_95,TBASICSHI_95,PTBASICSHI_95,PBL2BASICS_95,PGL2BASICS_95,PTL2BASICSEAL_95,PTL2BASICSNMOB_95,PTFSM6CLA1ABASICS_16_PTQ_EE,PTNOTFSM6CLA1ABASICS_16_PTQ_EE,PTFSM6CLA1ABASICS_94_17,PTFSM6CLA1ABASICS_95_17,PTNOTFSM6CLA1ABASICS_94_17,PTNOTFSM6CLA1ABASICS_95_17,PTmultiLan_E,PTtripleSci_E,TFSM6CLA1A_16,PTFSM6CLA1A_16,TNOTFSM6CLA1A_16,PTNOTFSM6CLA1A_16,TFSM6CLA1A_17,PTFSM6CLA1A_17,TNOTFSM6CLA1A_17,PTNOTFSM6CLA1A_17,TAVENT_E_3NG_PTQ_EE,TAVENT_E_3NG_LO_PTQ_EE,TAVENT_E_3NG_AV_PTQ_EE,TAVENT_E_3NG_HI_PTQ_EE,TAVENT_E_3NG_FSM6CLA1A_PTQ_EE,TAVENT_E_3NG_NFSM6CLA1A_PTQ_EE,TAVENT_EFSM6CLA1A_16_PTQ_EE,TAVENT_ENFSM6CLA1A_16_PTQ_EE,TAVENT_EFSM6CLA1A_17_PTQ_EE,TAVENT_ENFSM6CLA1A_17_PTQ_EE,TAVENT_G_PTQ_EE,TAVENT_GLO_PTQ_EE,TAVENT_GAV_PTQ_EE,TAVENT_GHI_PTQ_EE,TAVENT_GFSM6CLA1A_PTQ_EE,TAVENT_GNFSM6CLA1A_PTQ_EE,TAVENT_GFSM6CLA1A_16_PTQ_EE,TAVENT_GNFSM6CLA1A_16_PTQ_EE,TAVENT_GFSM6CLA1A_17_PTQ_EE,TAVENT_GNFSM6CLA1A_17_PTQ_EE,P8_BANDING
4,,890,,,,,,,,,,,,,,,,,,,,,,,7024,3667,3357,1136,607,53.40%,529,46.60%,27.9,168,15.20%,541,48.90%,397,35.90%,503,44.30%,633,55.70%,56,4.90%,1079,95.00%,1,0.10%,1085,95.50%,27,2.40%,160,14.10%,43707.3,38.5,9222,8.1,8574,7.5,12234,10.8,13677.3,12,9957.5,8.8,3719.8,3.3,2.7,2.8,1106,15,97%,-0.64,-0.71,-0.56,-0.65,-0.72,-0.57,-0.78,-0.87,-0.69,-0.54,-0.62,-0.46,-0.68,-0.76,-0.59,-0.6,-0.68,-0.51,47.30%,26.60%,3525.45,3.1,2.5,3.58,1.37,2.78,4.32,3.95,3.33,2.9,3.15,171,15.10%,6.90%,4.00%,1084,95.40%,1103,97.10%,1087,95.70%,761,67.00%,284,25.00%,61.30%,42.50%,56.30%,35.50%,50.40%,31.70%,38.40%,25.50%,60.90%,45.10%,,,,,,,,,,,,,696,483,640,403,548,345,292,194,173,128,164,14.40%,1067,93.90%,1066,93.80%,1067,98.20%,700,92.00%,280,98.60%,32.2,491,8,-0.9,-1.01,-0.79,-0.91,-1.03,-0.8,43.5,615,7,-0.43,-0.53,-0.33,-0.43,-0.54,-0.33,6.9,-1.09,-1.23,-0.95,6.2,-0.81,-0.93,-0.69,8.7,-0.96,-1.1,-0.83,10.4,-0.81,-0.94,-0.68,9.1,-0.54,-0.66,-0.42,8.6,-0.33,-0.43,-0.22,12.4,-0.45,-0.57,-0.33,13.3,-0.43,-0.54,-0.31,6.7,3.7,10.4,2.9,-17.9,-1.03,19.2,168,0,-0.53,-0.72,-0.34,-0.53,-0.73,-0.34,35.3,541,10,-0.53,-0.64,-0.42,-0.54,-0.65,-0.43,51.6,397,5,-0.83,-0.95,-0.7,-0.84,-0.97,-0.72,45.7,9.2,8.54,13.97,14.03,11.56,2.46,42,1,0.5,0.12,0.89,0.49,0.1,0.88,41.5,9,7.7,11.3,13.4,10,3.4,513,6,-0.37,-0.48,-0.26,-0.38,-0.49,-0.27,35.8,7.3,7.4,10.3,10.8,7.7,3.2,593,9,-0.87,-0.97,-0.76,-0.88,-0.98,-0.77,39,8.2,7.7,10.9,12.2,8.9,3.3,1060,14,-0.61,-0.68,-0.53,-0.62,-0.7,-0.54,43.8,1286,-0.38,-0.44,-0.32,37.1,554,-0.66,-0.75,-0.57,48.9,732,-0.16,-0.24,-0.09,38.8,1150,-0.56,-0.63,-0.49,33,490,-0.83,-0.94,-0.72,43,660,-0.36,-0.45,-0.26,8,4.80%,0.00%,0.00%,68,12.60%,3.10%,0.90%,92,23.20%,15.10%,9.80%,10.70%,18.50%,3.00%,1.00%,10.00%,6.30%,,,,,,,,,,,,,,,,,,,,,,,,,,,,,,,,,,,,,,,,,,,,,,19%,9%,20%,9%,8%,11.40%,5.40%,3.30%,19.30%,8.50%,4.70%,15.40%,7.20%,4.10%,30.40%,16.10%,10.70%,11%,4%,24%,14%,13%,3%,3%,26%,13%,12%,42.30%,43%,46%,42.30%,97.30%,48%,48%,27%,33.00%,58.60%,8,4.80%,207,38.30%,314,79.10%,42.20%,53.10%,50.00%,48.20%,14.10%,36.50%,0,0.00%,75,13.90%,223,56.20%,23.70%,29.90%,30.40%,27.60%,30%,61%,35%,17%,58%,35%,1.50%,23.90%,574,43%,757,57%,498,42%,692,58%,8,6.6,8,8.7,7.6,8.3,8.4,9.2,8.5,9.1,7.2,5.7,7.2,8.1,6.7,7.6,7.3,8.3,7.4,8.2,5
2,25300,890,7020,119868,Highfurlong School,,Blackpool Old Road,,,Blackpool,FY3 7LS,0125 3392188,0,0,CYS,Does not apply,NA,NA,MIXED,0,1,0,2-19,,70,40,30,1,SUPP,SUPP,SUPP,SUPP,SUPP,SUPP,SUPP,SUPP,SUPP,SUPP,SUPP,SUPP,SUPP,SUPP,SUPP,SUPP,SUPP,SUPP,SUPP,SUPP,SUPP,SUPP,SUPP,,,,,SUPP,SUPP,SUPP,SUPP,SUPP,SUPP,SUPP,SUPP,SUPP,SUPP,SUPP,SUPP,SUPP,SUPP,SUPP,SUPP,SUPP,SUPP,SUPP,SUPP,SUPP,SUPP,SUPP,SUPP,SUPP,SUPP,SUPP,SUPP,SUPP,SUPP,SUPP,SUPP,SUPP,SUPP,SUPP,SUPP,SUPP,SUPP,SUPP,SUPP,SUPP,SUPP,SUPP,SUPP,SUPP,SUPP,SUPP,SUPP,SUPP,SUPP,SUPP,SUPP,SUPP,SUPP,SUPP,SUPP,SUPP,SUPP,SUPP,SUPP,SUPP,SUPP,SUPP,SUPP,SUPP,SUPP,SUPP,SUPP,SUPP,SUPP,SUPP,SUPP,SUPP,SUPP,SUPP,SUPP,SUPP,SUPP,SUPP,SUPP,SUPP,SUPP,SUPP,SUPP,SUPP,SUPP,SUPP,SUPP,SUPP,SUPP,SUPP,SUPP,SUPP,SUPP,SUPP,SUPP,SUPP,SUPP,SUPP,SUPP,SUPP,SUPP,SUPP,SUPP,SUPP,SUPP,SUPP,SUPP,SUPP,SUPP,SUPP,SUPP,SUPP,SUPP,SUPP,SUPP,SUPP,SUPP,SUPP,SUPP,SUPP,SUPP,SUPP,SUPP,SUPP,SUPP,SUPP,SUPP,SUPP,SUPP,SUPP,SUPP,SUPP,SUPP,SUPP,SUPP,SUPP,SUPP,SUPP,SUPP,SUPP,SUPP,SUPP,SUPP,SUPP,SUPP,SUPP,SUPP,SUPP,SUPP,SUPP,SUPP,SUPP,SUPP,SUPP,SUPP,SUPP,SUPP,SUPP,SUPP,SUPP,SUPP,SUPP,SUPP,SUPP,SUPP,SUPP,SUPP,SUPP,SUPP,SUPP,SUPP,SUPP,SUPP,SUPP,SUPP,SUPP,SUPP,SUPP,SUPP,SUPP,SUPP,SUPP,SUPP,SUPP,SUPP,SUPP,SUPP,SUPP,SUPP,SUPP,SUPP,SUPP,SUPP,SUPP,SUPP,SUPP,SUPP,SUPP,SUPP,SUPP,SUPP,SUPP,SUPP,SUPP,SUPP,SUPP,SUPP,SUPP,SUPP,SUPP,SUPP,SUPP,SUPP,SUPP,SUPP,SUPP,SUPP,SUPP,SUPP,SUPP,SUPP,SUPP,SUPP,SUPP,SUPP,SUPP,SUPP,SUPP,SUPP,SUPP,SUPP,SUPP,SUPP,SUPP,SUPP,SUPP,SUPP,SUPP,SUPP,SUPP,SUPP,SUPP,SUPP,SUPP,SUPP,SUPP,SUPP,SUPP,SUPP,SUPP,NA,NA,NA,NA,NA,SUPP,SUPP,SUPP,SUPP,SUPP,SUPP,SUPP,SUPP,SUPP,SUPP,SUPP,SUPP,SUPP,SUPP,SUPP,SUPP,SUPP,SUPP,SUPP,SUPP,SUPP,SUPP,SUPP,SUPP,SUPP,SUPP,SUPP,SUPP,SUPP,SUPP,SUPP,SUPP,SUPP,SUPP,SUPP,SUPP,SUPP,SUPP,SUPP,SUPP,SUPP,SUPP,SUPP,SUPP,SUPP,SUPP,SUPP,SUPP,SUPP,SUPP,SUPP,SUPP,SUPP,SUPP,SUPP,SUPP,SUPP,SUPP,SUPP,SUPP,SUPP,SUPP,SUPP,SUPP,SUPP,SUPP,SUPP,SUPP,SUPP,SUPP,SUPP,SUPP,SUPP,SUPP,SUPP,SUPP,SUPP,SUPP,SUPP,SUPP,SUPP,SUPP,SUPP,SUPP,SUPP,SUPP,SUPP,SUPP,NA,NA,SUPP,SUPP,SUPP,SUPP,SUPP,SUPP,SUPP,SUPP,SUPP,SUPP,SUPP,SUPP,SUPP,SUPP,SUPP,SUPP,SUPP,SUPP,SUPP,SUPP,SUPP,SUPP,SUPP,SUPP,SUPP,SUPP,NA,SUPP,SUPP,SUPP,NA,SUPP,SUPP,SUPP,SUPP,SUPP,SUPP,SUPP,SUPP,SUPP,SUPP,SUPP,SUPP,SUPP,SUPP,SUPP,SUPP,SUPP,SUPP,SUPP,SUPP,SUPP,SUPP,SUPP,SUPP,SUPP,SUPP,SUPP,SUPP,SUPP,SUPP,SUPP,SUPP,SUPP,SUPP,5,83%,1,17%,SUPP,SUPP,SUPP,SUPP,SUPP,SUPP,SUPP,SUPP,SUPP,SUPP,SUPP,SUPP,SUPP,SUPP,SUPP,SUPP,SUPP,SUPP,SUPP,SUPP,SUPP,SUPP,SUPP,SUPP
1,60570,890,4000,139675,Unity Academy Blackpool,,Warbreck Hill Road,,,Blackpool,FY2 0TS,0125 3478129,0,0,AC,Does not apply,COMP,OTHER NON SEL,MIXED,0,1,0,5-16,,907,454,453,86,45,52%,41,48%,26.7,20,24%,44,52%,21,25%,65,76%,21,24%,1,1%,85,99%,0,0%,81,94%,0,0%,25,29%,2707,31.5,558,6.5,504,5.9,718,8.3,927,10.8,585,6.8,342,4,2.8,2.8,85,0,99%,-0.89,-1.16,-0.62,-0.89,-1.17,-0.62,-1.2,-1.52,-0.87,-0.87,-1.16,-0.58,-0.96,-1.28,-0.64,-0.63,-0.94,-0.31,29%,10%,194.77,2.26,2.11,2.74,1.46,2.32,2.97,SUPP,2.54,2.01,2.25,2,2%,0%,0%,85,99%,85,99%,85,99%,44,51%,10,12%,44%,24%,36%,19%,26%,11%,27%,16%,20%,0%,99%,100%,90%,-0.95,-1.24,-0.66,-1.29,-1.8,-0.78,-1.44,-2.62,-0.25,38,21,31,16,22,9,12,7,2,0,0,0%,84,98%,77,90%,84,99%,39,89%,10,100%,29.4,64,0,-0.99,-1.3,-0.68,-0.99,-1.31,-0.68,37.8,21,0,-0.58,-1.12,-0.04,-0.58,-1.13,-0.03,6.1,-1.3,-1.67,-0.92,5.4,-1.01,-1.34,-0.67,7.8,-1.03,-1.4,-0.66,10.2,-0.74,-1.1,-0.38,7.7,-0.9,-1.56,-0.24,7.4,-0.45,-1.04,0.14,10,-0.76,-1.4,-0.11,12.7,-0.28,-0.91,0.35,6.3,3.8,8.2,4.5,-20.7,-1.12,22.1,20,0,-0.38,-0.93,0.18,-0.38,-0.94,0.19,31.8,44,0,-0.79,-1.16,-0.42,-0.79,-1.17,-0.41,40.6,21,0,-1.59,-2.13,-1.05,-1.59,-2.14,-1.04,SUPP,SUPP,SUPP,SUPP,SUPP,SUPP,SUPP,SUPP,SUPP,SUPP,SUPP,SUPP,SUPP,SUPP,SUPP,34.9,8,5.9,8.7,12.3,8.3,4,40,0,-0.8,-1.19,-0.4,-0.8,-1.19,-0.4,28.4,5.1,5.8,8,9.4,5.4,4,45,0,-0.98,-1.34,-0.61,-0.98,-1.35,-0.6,31.7,6.5,6,8.3,11,6.9,4.1,80,0,-0.83,-1.11,-0.55,-0.83,-1.11,-0.55,44.2,79,0.07,-0.16,0.31,41.5,47,-0.06,-0.36,0.24,48.3,32,0.27,-0.1,0.64,39.4,75,-0.29,-0.57,-0.01,37.1,58,-0.44,-0.76,-0.13,45.7,17,0.22,-0.37,0.8,0,0%,0%,0%,0,0%,0%,0%,2,10%,0%,0%,3%,0%,0%,0%,0%,0%,-0.48,-0.82,-1.66,-0.99,-0.84,-1.12,-1.16,-1.85,-1.4,-1.05,SUPP,SUPP,SUPP,-1.44,NE,-0.65,-1.33,-0.25,-1.43,0.13,-1.08,-0.41,-1.24,-1.07,-2.25,-0.78,-2.02,-0.15,-1.96,0.01,-2.24,-0.5,-1.82,-0.72,-2.97,-0.25,-2.62,NE,NE,SUPP,SUPP,SUPP,SUPP,SUPP,SUPP,7%,2%,9%,1%,1%,0%,0%,0%,5%,0%,0%,1%,0%,0%,SUPP,SUPP,SUPP,4%,0%,12%,6%,5%,2%,2%,18%,0%,0%,28%,37%,43%,28%,100%,42%,45%,20%,23%,48%,2,10%,13,30%,10,48%,20%,39%,SUPP,30%,9%,14%,0,0%,5,11%,4,19%,9%,12%,SUPP,11%,33%,55%,38%,15%,64%,32%,0%,19%,51,61%,33,39%,60,73%,22,27%,8.5,8.1,8.3,9.1,8.4,8.6,9.5,9.7,10.1,10.5,7.3,6.9,7.2,8,7.2,7.5,8.5,8.6,8.7,9,5
1,55884,890,4001,140021,South Shore Academy,,St Anne's Road,,,Blackpool,FY4 2AR,0125 3345522,0,0,AC,None,COMP,OTHER NON SEL,MIXED,0,0,0,11-16,R,707,401,306,127,71,56%,56,44%,26,30,25%,74,62%,15,13%,85,67%,42,33%,12,9%,115,91%,0,0%,114,90%,1,1%,21,17%,3462.5,27.3,723,5.7,584,4.6,770.5,6.1,1385,10.9,464,3.7,921,7.3,2.4,2.5,119,4,94%,-1.03,-1.26,-0.81,-1.06,-1.29,-0.83,-1.36,-1.63,-1.08,-1.19,-1.43,-0.94,-1.48,-1.75,-1.2,-0.36,-0.62,-0.09,14%,5%,238.75,1.88,1.72,2.2,1.02,2.15,2.58,2.53,2,1.79,1.93,20,16%,2%,0%,120,94%,123,97%,121,95%,86,68%,24,19%,38%,18%,19%,10%,12%,4%,9%,2%,13%,8%,95%,94%,96%,-1.39,-1.64,-1.13,-1.75,-2.13,-1.38,-1.87,-2.61,-1.13,48,23,24,13,14,5,8,2,3,2,18,14%,110,87%,106,83%,110,91%,71,83%,23,96%,25.3,81,3,-1.15,-1.43,-0.88,-1.19,-1.47,-0.91,31.3,38,1,-0.78,-1.18,-0.38,-0.78,-1.19,-0.37,5.3,-1.5,-1.83,-1.16,4.4,-1.19,-1.49,-0.89,5.5,-1.59,-1.92,-1.26,10.1,-0.58,-0.9,-0.25,6.5,-1.05,-1.54,-0.56,5,-1.18,-1.62,-0.75,7.3,-1.23,-1.71,-0.75,12.5,0.1,-0.37,0.57,3.3,6.8,4.3,8.3,-24.8,-1.28,16.2,30,0,-0.96,-1.41,-0.51,-0.96,-1.42,-0.5,30.4,74,3,-0.89,-1.18,-0.6,-0.9,-1.19,-0.6,38.5,15,1,-1.88,-2.52,-1.24,-2.05,-2.7,-1.4,32.6,6.7,5.2,8.5,12.2,4.6,7.6,9,0,-0.07,-0.89,0.76,-0.07,-0.91,0.77,28.6,6.4,4.6,6.4,11.2,5.5,5.7,51,1,-0.93,-1.27,-0.58,-0.93,-1.29,-0.58,26.2,5.2,4.6,5.8,10.7,2.2,8.5,68,3,-1.11,-1.41,-0.81,-1.15,-1.46,-0.85,27.8,5.8,4.7,6.2,11.1,3.8,7.3,108,3,-0.98,-1.22,-0.74,-1.01,-1.25,-0.76,43.4,137,-0.15,-0.33,0.03,40.9,96,-0.19,-0.4,0.02,48.9,41,-0.06,-0.38,0.27,41,129,-0.3,-0.52,-0.09,37.7,83,-0.35,-0.61,-0.08,46.2,46,-0.23,-0.59,0.12,2,7%,0%,0%,14,19%,3%,0%,4,27%,0%,0%,14%,19%,1%,0%,2%,0%,-0.9,-1.21,-3.1,-1.5,-1.14,-1.27,-1.59,-3.29,-1.84,-1.59,SUPP,-1.46,SUPP,-2.25,-1.28,-1.2,-1.81,-0.71,-1.58,-0.37,-1.43,-0.89,-1.52,-2.4,-3.8,-1.37,-2.31,-0.97,-2.22,-0.47,-2.06,-1.13,-2.06,-2.28,-4.31,-1.3,-3.2,-0.1,-2.46,SUPP,SUPP,-0.6,-2.32,SUPP,SUPP,15%,7%,31%,6%,6%,11%,1%,0%,21%,2%,0%,18%,2%,0%,33%,8%,0%,11%,4%,26%,15%,23%,0%,0%,44%,16%,16%,13%,30%,44%,13%,94%,34%,45%,24%,13%,17%,0,0%,9,12%,8,53%,15%,13%,25%,15%,4%,7%,0,0%,2,3%,4,27%,6%,4%,8%,5%,27%,49%,37%,17%,58%,35%,2%,24%,104,69%,47,31%,86,61%,55,39%,7.4,6.1,7.8,8.7,7.2,7.9,9.4,9.7,9,9.4,6,4.8,6.4,7,5.8,6.3,6.8,7.5,7.3,7.8,5
1,6054,890,4002,141132,Blackpool Aspire Academy,,Blackpool Old Road,,,Blackpool,FY3 7LS,0125 3353155,0,0,AC,None,COMP,OTHER NON SEL,MIXED,0,0,0,11-16,R,607,315,292,90,40,44%,50,56%,27.8,14,16%,47,53%,28,31%,59,66%,31,34%,5,6%,85,94%,0,0%,87,97%,0,0%,14,16%,3706.8,41.2,736,8.2,704,7.8,1151,12.8,1115.8,12.4,668,7.4,447.8,5,2.9,2.9,89,1,99%,-0.29,-0.55,-0.03,-0.3,-0.57,-0.03,-0.69,-1.01,-0.37,-0.33,-0.61,-0.04,0.1,-0.22,0.41,-0.42,-0.73,-0.11,40%,22%,317.5,3.53,3.33,3.91,1.95,3.32,4.79,SUPP,3.62,3.41,3.59,20,22%,8%,3%,88,98%,89,99%,88,98%,70,78%,29,32%,59%,39%,53%,31%,70%,51%,36%,23%,52%,24%,100%,100%,100%,0.41,0.12,0.7,-0.78,-1.18,-0.38,-0.6,-1.26,0.06,53,35,48,28,62,45,25,16,15,7,20,22%,88,98%,88,98%,88,100%,68,97%,29,100%,38.9,59,1,-0.39,-0.71,-0.06,-0.4,-0.73,-0.07,45.6,30,0,-0.11,-0.56,0.34,-0.11,-0.57,0.35,7.7,-0.81,-1.21,-0.42,7.4,-0.4,-0.75,-0.05,12,-0.02,-0.4,0.37,11.8,-0.5,-0.87,-0.12,9.1,-0.44,-0.99,0.11,8.7,-0.18,-0.67,0.31,14.3,0.31,-0.23,0.86,13.5,-0.27,-0.8,0.26,6.6,5.2,8.9,4.6,-11.2,-0.52,24.2,14,0,-0.13,-0.79,0.53,-0.13,-0.8,0.55,38.9,47,1,-0.21,-0.58,0.15,-0.23,-0.6,0.14,55,28,0,-0.51,-0.97,-0.04,-0.51,-0.98,-0.03,SUPP,SUPP,SUPP,SUPP,SUPP,SUPP,SUPP,SUPP,SUPP,SUPP,SUPP,SUPP,SUPP,SUPP,SUPP,42.7,8.6,7.8,12.9,13.3,8.1,5.3,50,1,-0.18,-0.53,0.17,-0.19,-0.55,0.16,39.3,7.6,7.8,12.6,11.2,6.6,4.6,39,0,-0.44,-0.83,-0.04,-0.44,-0.84,-0.03,41.9,8.3,8,13,12.6,7.6,5,86,1,-0.3,-0.57,-0.04,-0.31,-0.58,-0.04,40.5,169,-0.66,-0.82,-0.51,36.5,114,-1.02,-1.21,-0.82,48.7,55,0.07,-0.21,0.35,38.6,98,-0.51,-0.75,-0.26,36.3,68,-0.7,-0.99,-0.4,43.7,30,-0.08,-0.52,0.36,0,0%,0%,0%,12,26%,4%,0%,8,29%,18%,11%,22%,23%,7%,2%,10%,6%,0.32,0.51,0.28,0.35,0.51,-0.17,-0.78,-1.09,-0.99,-0.35,NE,-0.28,-1.04,-0.44,-0.89,0.71,0,1.01,0.02,1.04,-0.4,0.91,0.12,0.79,-0.23,-0.5,-1.48,0.35,-1.05,0.85,-1.19,-0.22,-1.33,-0.37,-1.8,0.37,-1.26,0.23,-2.01,NE,NE,0.58,-1.15,-0.01,-2.06,5%,3%,19%,10%,7%,15%,5%,5%,28%,10%,2%,23%,8%,3%,SUPP,SUPP,SUPP,3%,1%,9%,7%,19%,9%,6%,19%,13%,10%,40%,34%,36%,40%,99%,41%,36%,19%,39%,42%,1,7%,16,34%,19,68%,30%,48%,SUPP,41%,15%,35%,0,0%,6,13%,14,50%,23%,22%,SUPP,23%,30%,63%,33%,17%,42%,23%,1%,24%,115,67%,57,33%,69,69%,31,31%,8,7.9,7.9,8.5,7.9,8.2,8.1,8.5,8.7,8.8,6.8,5.9,6.7,7.7,6.7,7.1,7.2,7.4,7.2,7.3,4
1,25230,890,4003,142469,Highfield Leadership Academy,,Highfield Road,,,Blackpool,FY4 3JZ,0125 3310925,0,0,AC,Does not apply,COMP,OTHER NON SEL,MIXED,0,0,0,11-16,R,968,494,474,180,98,54%,82,46%,29.1,13,7%,88,49%,77,43%,53,29%,127,71%,6,3%,174,97%,0,0%,168,93%,2,1%,16,9%,6925.5,38.5,1456,8.1,1550,8.6,1916.5,10.6,2003,11.1,1718.5,9.5,284.5,1.6,2.8,2.8,178,6,99%,-0.95,-1.13,-0.76,-0.98,-1.17,-0.79,-1.12,-1.34,-0.89,-0.38,-0.58,-0.18,-1.06,-1.29,-0.84,-1.19,-1.41,-0.97,55%,32%,569.02,3.16,2.69,3.36,1.73,2.63,4.03,3.56,3.42,2.95,3.21,18,10%,3%,2%,176,98%,177,98%,177,98%,156,87%,27,15%,62%,42%,72%,51%,46%,27%,38%,23%,41%,22%,99%,99%,100%,-1,-1.2,-0.8,-1.19,-1.46,-0.92,-1.52,-2.2,-0.83,111,75,130,91,81,47,60,36,11,6,17,9%,172,96%,175,97%,171,97%,140,90%,26,96%,33.7,52,3,-1.08,-1.42,-0.74,-1.11,-1.46,-0.76,40.5,126,3,-0.89,-1.11,-0.67,-0.92,-1.14,-0.69,7.3,-1.2,-1.62,-0.78,7.6,-0.51,-0.88,-0.14,9.2,-1.17,-1.58,-0.75,9.6,-1.41,-1.81,-1,8.4,-1.08,-1.35,-0.81,9,-0.33,-0.57,-0.09,11.2,-1.02,-1.29,-0.76,11.8,-1.1,-1.36,-0.84,8.2,1.4,10.1,1.7,-16.4,-1.21,22.1,13,0,-0.35,-1.04,0.33,-0.35,-1.05,0.35,32.3,88,4,-0.84,-1.11,-0.58,-0.87,-1.14,-0.6,48.6,77,2,-1.17,-1.45,-0.89,-1.2,-1.49,-0.91,43.8,8,9.7,13,13.1,11.3,1.8,SUPP,SUPP,SUPP,SUPP,SUPP,SUPP,SUPP,SUPP,42.2,9.3,8.8,11.4,12.8,10.8,2,80,3,-0.61,-0.88,-0.33,-0.64,-0.92,-0.35,35.4,7.1,8.5,10.1,9.7,8.5,1.2,98,3,-1.23,-1.48,-0.98,-1.25,-1.51,-1,39.1,8.2,8.8,10.8,11.4,9.8,1.6,166,6,-0.93,-1.12,-0.74,-0.96,-1.16,-0.76, , , , , , , , , , , , , , , ,36.2,190,-1.06,-1.24,-0.89,26.1,71,-1.67,-1.95,-1.38,42,119,-0.7,-0.92,-0.48,0,0%,0%,0%,7,8%,0%,0%,11,14%,8%,5%,2%,13%,0%,0%,5%,3%,-0.47,-0.78,-1.33,-1.02,-0.99,-0.77,-1.04,-1.46,-1.29,-1.15,NE,-1.48,-1.54,SUPP,-1.55,-0.64,-1.4,-0.75,-1.23,0.28,-1.22,-0.49,-1.07,-1.03,-1.64,-0.76,-1.82,-0.84,-1.47,0.16,-1.71,-0.66,-1.42,-1.03,-1.89,SUPP,SUPP,-0.81,-2.29,NE,NE,-0.3,-2.66,-0.7,-2.37, , ,27%,11%,10%,7%,3%,1%,13%,4%,4%,10%,4%,2%,0%,0%,0%, , , , ,14%,3%,3%,35%,16%,15%,44%,,45%,44%,99%, ,50%,33%,43%,60%,1,8%,39,44%,59,77%,44%,68%,33%,57%,25%,35%,0,0%,11,13%,47,61%,23%,43%,17%,34%, , ,28%,15%,63%,43%,0%,15%, , , , ,71,37%,122,63%,8.6,8.8,8.2,9,8.2,8.8, , ,8.4,9.5,8,8.2,7.7,8.4,7.6,8.2, , ,7.8,9.1,5
1,48404,890,4405,140759,St George's School A Church of England Academy,,Cherry Tree Road,Marton,,Blackpool,FY4 4PH,0125 3316725,0,0,ACC,Church of England,COMP,OTHER NON SEL,MIXED,0,0,0,11-16,,992,475,517,170,82,48%,88,52%,28.2,22,13%,84,50%,63,37%,57,34%,113,66%,1,1%,169,99%,0,0%,167,98%,0,0%,23,14%,7459.8,43.9,1504,8.8,1554,9.1,1947.5,11.5,2454.3,14.4,1335.5,7.9,1118.8,6.6,2.9,2.9,169,0,99%,-0.2,-0.39,-0.01,-0.2,-0.4,-0.01,-0.52,-0.75,-0.29,0.15,-0.06,0.35,-0.54,-0.77,-0.32,0.11,-0.11,0.33,59%,33%,598.7,3.52,2.66,3.96,1.81,3.02,4.79,SUPP,3.6,3.43,3.56,40,24%,13%,5%,169,99%,170,100%,168,99%,124,73%,64,38%,66%,47%,74%,45%,50%,31%,48%,31%,69%,45%,99%,99%,100%,-0.59,-0.79,-0.38,-0.74,-1.05,-0.44,-0.15,-0.59,0.29,113,80,126,76,84,52,59,38,44,29,40,24%,169,99%,168,99%,168,100%,119,96%,64,100%,35.3,57,0,-0.69,-1.02,-0.36,-0.69,-1.03,-0.36,48.2,112,0,0.04,-0.19,0.28,0.04,-0.19,0.28,6.8,-1.21,-1.61,-0.81,7.6,-0.2,-0.56,0.16,8.5,-1.11,-1.51,-0.72,12.4,-0.25,-0.63,0.13,9.9,-0.17,-0.45,0.12,9.9,0.32,0.07,0.58,12.9,-0.25,-0.53,0.03,15.5,0.3,0.02,0.57,5.7,6.7,8.9,6.5,-14.8,-0.82,26.4,22,0,0.06,-0.46,0.59,0.06,-0.48,0.6,39.1,84,0,-0.11,-0.38,0.16,-0.11,-0.38,0.17,56.5,63,0,-0.42,-0.74,-0.11,-0.42,-0.74,-0.11,SUPP,SUPP,SUPP,SUPP,SUPP,SUPP,SUPP,SUPP,SUPP,SUPP,SUPP,SUPP,SUPP,SUPP,SUPP,45.4,9.6,8.8,11.5,15.5,8.1,7.4,87,0,-0.03,-0.3,0.23,-0.03,-0.31,0.24,42.2,8,9.5,11.4,13.3,7.6,5.7,82,0,-0.38,-0.66,-0.11,-0.38,-0.66,-0.1,44.3,8.9,9.2,11.6,14.6,7.9,6.7,166,0,-0.18,-0.37,0.02,-0.18,-0.37,0.02,46.5,183,-0.16,-0.31,0,37.8,67,-0.6,-0.85,-0.35,51.6,116,0.1,-0.1,0.29,37.3,183,-0.67,-0.85,-0.49,31.4,58,-0.92,-1.23,-0.6,39.9,125,-0.56,-0.77,-0.34,1,5%,0%,0%,15,18%,4%,0%,24,38%,30%,14%,14%,28%,9%,2%,15%,7%,-0.53,-0.44,-0.8,-1,-0.38,-0.35,-0.44,-1.17,-1.42,-0.43,SUPP,-0.13,-0.15,-0.34,-0.11,-0.64,-1.36,-0.12,-0.63,0.04,-1.11,-0.14,-0.74,-0.46,-1.14,-0.88,-1.96,-0.06,-0.8,0.62,-1.33,0,-0.88,-0.71,-1.64,0.73,-1.41,0.38,-0.6,SUPP,SUPP,0.57,-0.82,0.47,-0.77,21%,12%,25%,13%,11%,22%,13%,6%,25%,13%,5%,24%,13%,5%,SUPP,SUPP,SUPP,13%,1%,25%,19%,16%,9%,7%,30%,15%,13%,54%,50%,44%,54%,100%,54%,49%,24%,39%,69%,2,9%,43,51%,55,87%,55%,63%,SUPP,60%,14%,42%,0,0%,14,17%,42,67%,35%,31%,SUPP,34%,35%,65%,41%,17%,52%,27%,3%,17%,68,37%,118,63%,58,31%,128,69%,9.3,8.5,9,9.9,8.9,9.5,9,9.8,8.5,9,8,7.2,7.8,8.7,7.5,8.3,8.7,9.4,8.1,8.6,4
1,50642,890,4601,141257,St Mary's Catholic Academy,,St Walburga's Road,,,Blackpool,FY3 7EQ,0125 3396286,0,0,ACC,Roman Catholic,COMP,OTHER NON SEL,MIXED,0,0,1,11-18,,1176,589,587,197,92,47%,105,53%,28.7,20,11%,89,47%,81,43%,58,29%,139,71%,22,11%,175,89%,0,0%,194,98%,0,0%,47,24%,9073.5,46.1,1938,9.8,1706,8.7,2635,13.4,2794.5,14.2,2493.5,12.7,301,1.5,2.9,2.9,190,2,96%,-0.12,-0.3,0.06,-0.13,-0.31,0.05,-0.14,-0.35,0.08,-0.26,-0.45,-0.06,-0.07,-0.29,0.14,-0.09,-0.3,0.12,63%,42%,727.41,3.69,2.99,3.99,2.02,3.21,4.59,5.19,3.84,3.52,3.71,25,13%,9%,8%,192,97%,195,99%,195,99%,103,52%,46,23%,78%,61%,68%,48%,64%,44%,63%,47%,93%,89%,96%,96%,89%,-0.07,-0.27,0.13,0.09,-0.25,0.43,1.48,0.92,2.03,154,120,133,94,124,86,65,48,43,41,25,13%,192,97%,194,98%,194,99%,102,99%,46,100%,39.2,56,0,-0.51,-0.84,-0.18,-0.51,-0.84,-0.17,48.9,134,2,0.04,-0.17,0.25,0.03,-0.19,0.25,8.8,-0.39,-0.8,0.01,7.1,-0.7,-1.06,-0.34,10.7,-0.63,-1.02,-0.23,12.7,-0.33,-0.72,0.06,10.3,-0.03,-0.29,0.23,9.3,-0.08,-0.31,0.16,14.5,0.16,-0.1,0.42,14.8,0.01,-0.24,0.26,10.8,1.8,13.4,1.4,-10.9,-0.64,27.3,20,0,0.1,-0.46,0.65,0.1,-0.47,0.66,41.3,89,0,0.09,-0.17,0.35,0.09,-0.18,0.36,55.9,81,2,-0.4,-0.68,-0.13,-0.42,-0.7,-0.14,56,11.5,10.4,17.8,16.3,16.1,0.2,16,0,1.04,0.42,1.66,1.04,0.41,1.68,48.5,10.5,8.6,13.8,15.7,14.3,1.4,101,0,0.07,-0.18,0.32,0.07,-0.18,0.32,43.2,9.1,8.7,12.9,12.5,10.8,1.7,89,2,-0.34,-0.6,-0.07,-0.35,-0.62,-0.09,46.2,9.9,8.7,13.4,14.2,12.7,1.6,187,2,-0.11,-0.29,0.07,-0.11,-0.3,0.07,50,199,0.08,-0.06,0.23,43.3,64,-0.01,-0.27,0.25,53,135,0.13,-0.05,0.31,42.3,199,-0.3,-0.47,-0.13,36.3,69,-0.76,-1.05,-0.47,45.3,130,-0.06,-0.27,0.15,2,10%,0%,0%,9,10%,8%,6%,11,14%,12%,11%,9%,14%,5%,3%,11%,9%,0.03,0.02,-0.2,-0.59,0.14,0.84,0.38,-0.39,-0.46,0.31,SUPP,1.97,0.86,0.92,1.59,-0.23,-0.95,0.38,-0.09,0.65,-0.58,0.31,-0.26,0.11,-0.5,0.18,-1.09,0.71,-0.09,2.03,-0.36,0.86,-0.1,0.13,-0.91,2.26,-0.42,2.2,0.98,SUPP,SUPP,2.88,1.05,1.59,0.14,18%,11%,8%,3%,3%,12%,8%,7%,13%,10%,9%,12%,9%,8%,50%,32%,27%,12%,6%,21%,13%,3%,1%,1%,10%,4%,4%,59%,55%,55%,59%,100%,59%,59%,37%,48%,70%,1,5%,48,54%,73,90%,63%,64%,68%,64%,26%,49%,0,0%,26,29%,55,68%,40%,44%,45%,43%,37%,69%,46%,27%,66%,42%,3%,46%,65,31%,144,69%,70,34%,137,66%,8.4,8.3,8.4,8.4,8.3,8.4,9.1,9.3,8.8,9.1,7.8,7.3,7.7,8.1,7.7,7.9,7.9,8.8,8.2,8.6,3
2,40738,890,7019,140143,Park Community Academy,,158 Whitegate Drive,,,Blackpool,FY3 9HF,0125 3764130,0,0,ACCS,Does not apply,NA,NA,MIXED,0,1,0,2-19,,255,165,90,20,12,60%,8,40%,11.4,19,100%,0,0%,0,0%,18,90%,2,10%,0,0%,20,100%,0,0%,18,90%,,,,,6,0.3,0,0,6,0.3,0,0,0,0,0,0,0,0,0,0,19,0,95%,-1.52,-2.09,-0.95,-1.52,-2.1,-0.94,-1.8,-2.49,-1.11,-0.9,-1.52,-0.28,-1.36,-2.04,-0.68,-1.9,-2.56,-1.24,0%,0%,0.51,0.03,SUPP,SUPP,0.03,NE,NE,NE,0.02,0.03,0.03,0,0%,0%,0%,0,0%,3,15%,0,0%,0,0%,0,0%,0%,0%,0%,0%,NE,NE,NE,NE,NE,NE,NE,NE,NE,NE,NE,NE,NE,NE,NE,NE,NE,NE,0,0,0,0,NE,NE,NE,NE,NE,NE,0,0%,0,0%,3,15%,NE,NE,NE,NE,NE,NE,SUPP,SUPP,SUPP,SUPP,SUPP,SUPP,SUPP,SUPP,SUPP,SUPP,SUPP,SUPP,SUPP,SUPP,SUPP,SUPP,SUPP,SUPP,SUPP,SUPP,SUPP,SUPP,SUPP,SUPP,SUPP,SUPP,SUPP,SUPP,SUPP,SUPP,SUPP,SUPP,SUPP,SUPP,SUPP,SUPP,SUPP,SUPP,SUPP,SUPP,SUPP,SUPP,SUPP,SUPP,SUPP,SUPP,SUPP,SUPP,SUPP,SUPP,SUPP,SUPP,SUPP,SUPP,SUPP,SUPP,0.3,19,0,-1.52,-2.09,-0.95,-1.52,-2.1,-0.94,NE,NE,NE,NE,NE,NE,NE,NE,NE,NE,NE,NE,NE,NE,NE,NE,NE,NE,NE,NE,NE,NE,NE,NE,NE,NE,NE,NE,NE,NE,NE,NE,NE,0.3,0,0.3,0,0,0,0,8,0,-1.49,-2.37,-0.62,-1.49,-2.38,-0.6,0.3,0,0.3,0,0,0,0,11,0,-1.54,-2.29,-0.79,-1.54,-2.3,-0.78,0.3,0,0.3,0,0,0,0,17,0,-1.5,-2.1,-0.9,-1.5,-2.11,-0.89,1.5,20,-1.78,-2.25,-1.32,1,15,-1.74,-2.28,-1.2,2.8,SUPP,SUPP,SUPP,SUPP,0.8,17,-1.48,-2.07,-0.9,SUPP,SUPP,SUPP,SUPP,SUPP,SUPP,SUPP,SUPP,SUPP,SUPP,0,0%,0%,0%,NE,NE,NE,NE,NE,NE,NE,NE,SUPP,SUPP,SUPP,SUPP,SUPP,SUPP,NE,NE,NE,SUPP,SUPP,NE,NE,NE,SUPP,SUPP,NE,NE,NE,SUPP,SUPP,SUPP,SUPP,SUPP,SUPP,NE,NE,NE,NE,NE,NE,SUPP,SUPP,SUPP,SUPP,NE,NE,NE,NE,NE,NE,SUPP,SUPP,SUPP,SUPP,NE,NE,NE,NE,NE,NE,0%,0%,0%,0%,0%,0%,0%,0%,0%,0%,0%,0%,0%,0%,NE,NE,NE,0%,0%,0%,0%,SUPP,SUPP,SUPP,SUPP,SUPP,SUPP,0%,0%,0%,0%,15%,0%,0%,0%,SUPP,SUPP,0,0%,NE,NE,NE,NE,0%,0%,NE,0%,SUPP,SUPP,0,0%,NE,NE,NE,NE,0%,0%,NE,0%,0%,0%,SUPP,SUPP,SUPP,SUPP,0%,0%,16,73%,6,27%,13,72%,5,28%,0.2,0.2,NE,NE,SUPP,SUPP,0.3,0.8,SUPP,SUPP,0.2,0.2,NE,NE,SUPP,SUPP,0.3,0.8,SUPP,SUPP,5
1,35756,890,4057,137973,Montgomery High School,,All Hallows Road,Bispham,,Blackpool,FY2 0AZ,0125 3356271,0,0,ACC,None,COMP,OTHER NON SEL,MIXED,0,0,0,11-16,,1237,665,572,264,165,63%,99,38%,28.9,28,11%,115,45%,112,44%,107,41%,157,59%,9,3%,253,96%,2,1%,254,96%,2,1%,13,5%,10366.3,39.3,2307,8.7,1966,7.4,3095.5,11.7,2997.8,11.4,2693,10.2,304.8,1.2,2.8,2.8,255,2,97%,-0.87,-1.03,-0.72,-0.88,-1.04,-0.72,-0.76,-0.95,-0.57,-0.96,-1.12,-0.79,-0.69,-0.88,-0.51,-1.09,-1.27,-0.91,51%,27%,878.79,3.33,2.91,3.61,1.45,2.74,4.43,3.07,3.7,3.11,3.34,46,17%,9%,5%,254,96%,261,99%,253,96%,178,67%,84,32%,68%,49%,56%,32%,64%,40%,35%,26%,65%,51%,96%,97%,100%,-0.48,-0.66,-0.31,-1.25,-1.5,-0.99,-0.4,-0.79,-0.01,179,129,148,85,161,101,63,47,55,43,44,17%,252,95%,255,97%,252,100%,161,90%,82,98%,35.2,104,1,-1.07,-1.32,-0.83,-1.08,-1.33,-0.83,42.1,151,1,-0.74,-0.94,-0.54,-0.74,-0.95,-0.53,8,-0.94,-1.23,-0.64,6.5,-1.15,-1.42,-0.89,10.4,-0.89,-1.18,-0.6,10.2,-1.31,-1.59,-1.02,9.2,-0.64,-0.88,-0.39,8.1,-0.82,-1.04,-0.6,12.6,-0.55,-0.79,-0.31,12.1,-0.94,-1.18,-0.71,8.6,1.6,11.3,0.8,-14.9,-1.2,19.2,28,0,-0.69,-1.16,-0.22,-0.69,-1.17,-0.21,33.1,115,2,-0.87,-1.1,-0.64,-0.88,-1.11,-0.64,50.8,112,0,-0.93,-1.16,-0.69,-0.93,-1.16,-0.69,38.1,7.9,8,11.3,10.9,10.9,0,SUPP,SUPP,SUPP,SUPP,SUPP,SUPP,SUPP,SUPP,42.7,9.7,7.8,12.5,12.7,11.8,0.9,96,1,-0.5,-0.75,-0.24,-0.5,-0.76,-0.24,37.2,8.2,7.2,11.3,10.6,9.3,1.3,159,1,-1.1,-1.3,-0.91,-1.11,-1.31,-0.91,39.4,8.8,7.4,11.8,11.4,10.3,1.2,248,2,-0.87,-1.02,-0.71,-0.87,-1.03,-0.71,48.9,276,-0.2,-0.32,-0.07,40.8,68,-0.66,-0.92,-0.41,51.6,208,-0.04,-0.19,0.1,42.6,245,-0.41,-0.56,-0.26,34.8,64,-0.85,-1.15,-0.55,45.3,181,-0.26,-0.43,-0.08,3,11%,0%,0%,11,10%,3%,0%,32,29%,18%,13%,12%,21%,2%,1%,13%,8%,-0.12,-0.38,-0.65,-0.63,-0.38,-0.79,-1.43,-1.19,-1.56,-1.03,SUPP,-0.42,-0.35,-1.03,-0.07,-0.36,-0.9,-0.16,-0.61,0.48,-0.72,-0.12,-0.63,-0.4,-0.91,-1.16,-1.97,-0.7,-1.36,-0.03,-1.54,-1.04,-1.81,-0.81,-1.57,-0.37,-1.69,0.41,-0.55,SUPP,SUPP,0.22,-1.07,0.15,-0.85,37%,18%,22%,14%,13%,12%,5%,4%,27%,14%,8%,18%,9%,6%,0%,0%,0%,30%,11%,39%,20%,9%,3%,3%,26%,17%,16%,44%,58%,51%,44%,99%,62%,51%,28%,41%,57%,1,4%,39,34%,90,80%,47%,57%,56%,50%,16%,34%,0,0%,11,10%,57,51%,23%,32%,33%,27%,40%,69%,33%,9%,57%,35%,1%,22%,70,25%,210,75%,64,26%,185,74%,7.3,6.4,6.9,8,7.3,7.4,9,9.6,8.4,9.1,7,6.2,6.6,7.7,6.9,7.2,7.7,8.3,7.3,7.8,5
1,2466,890,4005,145863,Armfield Academy,,Lytham Road,,,Blackpool,FY4 1JG,0125 3207702,0,0,F,None,COMP,OTHER NON SEL,MIXED,0,1,0,4-16,R,NEW
2,65314,890,7025,119871,Woodlands School,,Whitegate Drive,,,Blackpool,FY3 9HF,0125 3316722,0,0,CYS,Does not apply,NA,NA,MIXED,0,1,0,2-19,R,105,69,36,2,SUPP,SUPP,SUPP,SUPP,SUPP,SUPP,SUPP,SUPP,SUPP,SUPP,SUPP,SUPP,SUPP,SUPP,SUPP,SUPP,SUPP,SUPP,SUPP,SUPP,SUPP,SUPP,SUPP,,,,,SUPP,SUPP,SUPP,SUPP,SUPP,SUPP,SUPP,SUPP,SUPP,SUPP,SUPP,SUPP,SUPP,SUPP,SUPP,SUPP,SUPP,SUPP,SUPP,SUPP,SUPP,SUPP,SUPP,SUPP,SUPP,SUPP,SUPP,SUPP,SUPP,SUPP,SUPP,SUPP,SUPP,SUPP,SUPP,SUPP,SUPP,SUPP,SUPP,SUPP,SUPP,SUPP,SUPP,SUPP,SUPP,SUPP,SUPP,SUPP,SUPP,SUPP,SUPP,SUPP,SUPP,SUPP,SUPP,SUPP,SUPP,SUPP,SUPP,SUPP,SUPP,SUPP,SUPP,SUPP,SUPP,SUPP,SUPP,SUPP,SUPP,SUPP,SUPP,SUPP,SUPP,SUPP,SUPP,SUPP,SUPP,SUPP,SUPP,SUPP,SUPP,SUPP,SUPP,SUPP,SUPP,SUPP,SUPP,SUPP,SUPP,SUPP,SUPP,SUPP,SUPP,SUPP,SUPP,SUPP,SUPP,SUPP,SUPP,SUPP,SUPP,SUPP,SUPP,SUPP,SUPP,SUPP,SUPP,SUPP,SUPP,SUPP,SUPP,SUPP,SUPP,SUPP,SUPP,SUPP,SUPP,SUPP,SUPP,SUPP,SUPP,SUPP,SUPP,SUPP,SUPP,SUPP,SUPP,SUPP,SUPP,SUPP,SUPP,SUPP,SUPP,SUPP,SUPP,SUPP,SUPP,SUPP,SUPP,SUPP,SUPP,SUPP,SUPP,SUPP,SUPP,SUPP,SUPP,SUPP,SUPP,SUPP,SUPP,SUPP,SUPP,SUPP,SUPP,SUPP,SUPP,SUPP,SUPP,SUPP,SUPP,SUPP,SUPP,SUPP,SUPP,SUPP,SUPP,SUPP,SUPP,SUPP,SUPP,SUPP,SUPP,SUPP,SUPP,SUPP,SUPP,SUPP,SUPP,SUPP,SUPP,SUPP,SUPP,SUPP,SUPP,SUPP,SUPP,SUPP,SUPP,SUPP,SUPP,SUPP,SUPP,SUPP,SUPP,SUPP,SUPP,SUPP,SUPP,SUPP,SUPP,SUPP,SUPP,SUPP,SUPP,SUPP,SUPP,SUPP,SUPP,SUPP,SUPP,SUPP,SUPP,SUPP,SUPP,SUPP,SUPP,SUPP,SUPP,SUPP,SUPP,SUPP,SUPP,SUPP,SUPP,SUPP,SUPP,SUPP,SUPP,SUPP,SUPP,SUPP,SUPP,SUPP,SUPP,SUPP,SUPP,SUPP,SUPP,SUPP,SUPP,SUPP,SUPP,SUPP,SUPP,SUPP,SUPP,SUPP,SUPP,SUPP,SUPP,SUPP,SUPP,SUPP,SUPP,SUPP,SUPP,SUPP,SUPP,SUPP,SUPP,SUPP,SUPP,SUPP,SUPP,SUPP,NE,NE,NE,NE,NE,SUPP,SUPP,SUPP,SUPP,SUPP,SUPP,SUPP,SUPP,SUPP,SUPP,SUPP,SUPP,SUPP,SUPP,SUPP,SUPP,SUPP,SUPP,SUPP,SUPP,SUPP,SUPP,SUPP,SUPP,SUPP,SUPP,SUPP,SUPP,SUPP,SUPP,SUPP,SUPP,SUPP,SUPP,SUPP,SUPP,SUPP,SUPP,SUPP,SUPP,SUPP,SUPP,SUPP,SUPP,SUPP,SUPP,SUPP,SUPP,SUPP,SUPP,SUPP,SUPP,SUPP,SUPP,SUPP,SUPP,SUPP,SUPP,SUPP,SUPP,SUPP,SUPP,SUPP,SUPP,SUPP,SUPP,SUPP,SUPP,SUPP,SUPP,SUPP,SUPP,SUPP,SUPP,SUPP,NE,NE,NE,SUPP,SUPP,SUPP,SUPP,SUPP,SUPP,SUPP,SUPP,SUPP,SUPP,SUPP,SUPP,SUPP,SUPP,SUPP,SUPP,SUPP,SUPP,SUPP,SUPP,SUPP,SUPP,SUPP,SUPP,NE,SUPP,SUPP,SUPP,NE,NE,SUPP,SUPP,SUPP,SUPP,SUPP,SUPP,SUPP,SUPP,SUPP,SUPP,SUPP,SUPP,SUPP,SUPP,SUPP,SUPP,SUPP,SUPP,SUPP,SUPP,SUPP,SUPP,SUPP,SUPP,SUPP,SUPP,SUPP,SUPP,SUPP,SUPP,SUPP,SUPP,SUPP,SUPP,SUPP,SUPP,5,63%,3,38%,SUPP,SUPP,SUPP,SUPP,SUPP,SUPP,SUPP,SUPP,SUPP,SUPP,SUPP,SUPP,SUPP,SUPP,SUPP,SUPP,SUPP,SUPP,SUPP,SUPP
5,,,,,,,,,,,,,,,,,,,,,,,,,3709343,1882433,1826910,583615,299526,51.30%,284089,48.70%,,,,,,,,,,,,,,,,,,,,,,,,25994109.2,44.5,5458352.3,9.4,4937285.2,8.5,7593062.8,13,8005408.9,13.7,6847865.9,11.7,1157543,2,2.6,2.7,,,,,,,,,,,,,,,,,,,,,,59.40%,40.20%,2244493.89,3.85,,,,,,,4.12,,4.04,205441,35.20%,22.20%,15.40%,520582,89.20%,532650,91.30%,521030,89.30%,432323,74.10%,264155,45.30%,70.50%,56.70%,64.90%,46.30%,65.90%,47.40%,63.90%,51.40%,72.20%,58.00%,,,,,,,,,,,,,411635,331072,378879,270272,343132,246711,276055,222314,190693,153112,201231,34.50%,517957,88.70%,522856,89.60%,514155,98.70%,422633,97.80%,261203,98.90%,,,2535,,,,,,,,,2161,,,,,,,,,,,,,,,,,,,,,,,,,,,,,,,,,,,,,,,,,,,,,,,0,,,,,,,,,2306,,,,,,,,,2390,,,,,,,,,,,,,,,,,,,,,,47.7,10.3,8.6,13.7,15.1,13.1,2,,1724,,,,,,,41.5,8.4,8.4,12.3,12.4,10.4,2,,2972,,,,,,,,,,,,,,,4061,,,,,,,48.5, , , , , , , , , , , , , , ,44.6,,,,,,,,,,,,,,,,,,,,,,,,,,,,,,,,,,,,,,,,,,,,,,,,,,,,,,,,,,,,,,,,,,,,,,,,,,,,,,37%,23%,35%,22%,20%,29.80%,17.30%,11.70%,40.90%,27.40%,19.40%,,,,,,,,,,,,,,,,,55.50%,54%,57%,55.50%,96.50%,59%,59%,40%,,,,,,,,,55.50%,63.70%,,,,,,,,,,,36.80%,43.90%,,,,,,,,,3.90%,26.10%,,,,,,,,,7.8,,,,,,,,,,7.4
7,,,,,,,,,,,,,,,,,,,,,,,,,3290097,1671434,1618663,523636,266905,51.00%,256731,49.00%,28.3,70108,14.20%,217846,44.00%,206879,41.80%,141134,27.00%,382502,73.00%,86277,16.50%,435450,83.20%,699,0.10%,503897,96.20%,19495,3.70%,54029,10.30%,24363489.9,46.5,5189527.3,9.9,4728469.4,9,7018665.1,13.4,7426828.1,14.2,6294570.1,12,1132258,2.2,2.8,2.8,494832,4696,94%,-0.02,,,-0.03,,,-0.04,,,-0.02,,,-0.03,,,-0.04,,,64.20%,43.30%,2116900.13,4.04,3.07,4.4,1.73,3.4,5.53,4.22,4.29,3.8,4.1,200956,38.40%,24.10%,16.70%,501878,95.80%,509584,97.30%,499974,95.50%,410054,78.30%,241519,46.10%,75.40%,60.30%,69.50%,49.30%,65.10%,46.30%,62.40%,49.70%,70.40%,55.50%,,,,,,,,,,,,,394983,315840,363761,258410,325353,231342,255999,203856,170028,134102,196833,37.60%,499341,95.40%,501012,95.70%,493412,98.70%,400518,97.70%,238679,98.80%,36.7,135197,2535,-0.44,-0.44,-0.43,-0.45,-0.46,-0.44,50.1,359635,2161,0.13,0.13,0.14,0.13,0.12,0.13,8.1,-0.44,-0.45,-0.43,7,-0.39,-0.4,-0.39,10.1,-0.49,-0.5,-0.48,11.5,-0.46,-0.46,-0.45,10.6,0.11,0.11,0.12,9.8,0.12,0.11,0.12,14.6,0.15,0.14,0.15,15.2,0.12,0.12,0.13,8.9,2.5,13.2,2,,,22.6,70108,0,-0.18,-0.19,-0.17,-0.18,-0.19,-0.17,40.8,217845,2306,-0.01,-0.02,0,-0.01,-0.02,-0.01,61.1,206879,2390,0.01,0.01,0.02,0,0,0.01,47.2,9.9,9.1,14.2,14.1,12.3,1.9,69069,218,0.48,0.48,0.49,0.48,0.47,0.49,49.3,10.8,9.1,14,15.5,13.3,2.1,243142,1724,0.22,0.21,0.22,0.21,0.2,0.21,43.8,9,9,12.8,13,10.8,2.2,251690,2972,-0.25,-0.26,-0.25,-0.26,-0.27,-0.26,47.1,10,9.1,13.6,14.4,12.2,2.2,481897,4061,0,0,0.01,0,-0.01,0,49.9,512053,-0.03, , ,41.1,143088,-0.38,-0.38,-0.37,53.3,368965,0.1,0.1,0.11,46.3,498795,-0.03,,,37,137336,-0.4,-0.41,-0.39,49.8,361459,0.11,0.1,0.11,6655,9.50%,1.00%,0.30%,64721,29.70%,11.40%,4.80%,118284,57.20%,45.30%,34.70%,26.40%,42.80%,12.10%,7.20%,28.50%,20.20%,0,0,0.01,-0.35,0.13,0,0,0.01,-0.48,0.16,0,0,0,-0.22,0.05,,,,,,,,,,,,,,,,,,,,,,,,,,,,,,,40%,25%,38%,24%,21%,32.80%,18.90%,12.80%,44.20%,29.50%,20.80%,39.20%,24.70%,17.20%,47.70%,28.20%,19.60%,25%,12%,45%,30%,25%,12%,10%,43%,28%,26%,60.10%,57%,61%,60.10%,97.70%,63%,64%,43%,44.50%,71.50%,7117,10.20%,120968,55.50%,192505,93.10%,60.50%,68.10%,63.00%,65.30%,24.90%,50.10%,1679,2.40%,53645,24.60%,160506,77.60%,40.00%,46.70%,43.30%,44.20%,43%,71%,44%,25%,71%,49%,3.50%,27.40%,149876,28%,390780,72%,143544,27%,384200,73%,8.3,6.5,8.1,9.1,7.6,8.5,8.7,9.7,8.7,9.6,7.8,5.8,7.5,8.8,6.9,8.1,7.7,8.9,7.9,9